"","sim","n_sim","recyclers","wastefuls","new","recycled","waste"
"1","1",5197,0,9.37675582066577,69.2192591487239,0,30.7807408512761
"2","2",5038,0,9.63120285827709,68.4206560750541,0,31.5793439249459
"3","3",5911,0,8.16866858399594,73.0930019783247,0,26.9069980216753
"4","4",5069,0,7.96685736831722,73.7324030421006,0,26.2675969578994
"5","5",5058,0,7.78133649663899,74.4905383268373,0,25.5094616731627
"6","Total",26273,0,8.57458227077228,71.8232095182685,0,28.1767904817315
